Weighted Avg Units (x),Count (N),Pos 1 Relative Entropy,Pos 2 Relative Entropy,Pos 3 Relative Entropy,Pos 4 Relative Entropy,Pos 5 Relative Entropy,Pos 6 Relative Entropy,Pos 7 Relative Entropy,Pos 8 Relative Entropy,Pos 9 Relative Entropy,Pos 10 Relative Entropy,Pos 11 Relative Entropy,Pos 12 Relative Entropy
1.0,8153,0.7731
2.0,24993,0.5316,0.7359
3.0,23692,0.5785,0.5396,0.7131
4.0,18491,0.6103,0.5868,0.5754,0.7118
5.0,15443,0.6023,0.6086,0.5942,0.579,0.7138
6.0,12390,0.6102,0.6031,0.6253,0.5859,0.5799,0.7122
7.0,9122,0.6241,0.6125,0.6338,0.6254,0.5874,0.5879,0.7126
8.0,6497,0.6427,0.6351,0.644,0.6444,0.6336,0.6012,0.5984,0.7233
9.0,4402,0.6645,0.6545,0.67,0.664,0.6545,0.6508,0.6154,0.6125,0.7402
10.4,5006,0.6544,0.6401,0.66,0.6524,0.6497,0.6466,0.6384,0.6235,0.6183,0.6795
13.88,3822,0.6607,0.6476,0.6691,0.6772,0.6645,0.6513,0.6551,0.6521,0.6479,0.6423,0.6413,0.6197
