Total Units in Parent (x),Count (N),Pos 1 Unique Types,Pos 2 Unique Types,Pos 3 Unique Types,Pos 4 Unique Types,Pos 5 Unique Types,Pos 6 Unique Types,Pos 7 Unique Types,Pos 8 Unique Types,Pos 9 Unique Types,Pos 10 Unique Types,Pos 11 Unique Types,Pos 12 Unique Types
1,8153,3153
2,24993,2779,7488
3,23692,2721,1587,6280
4,18491,2242,1851,1447,4729
5,15443,1711,1763,1557,1211,3872
6,12390,1430,1270,1482,1211,1002,3022
7,9122,1062,919,1046,1112,953,663,2217
8,6497,790,797,772,788,799,662,581,1618
9,4402,601,536,606,574,588,607,505,406,1180
10,5006,621,552,629,576,593,576,598,537,453,1381
12,3822,460,420,472,500,510,454,460,493,468,448,439,1377
