Weighted Parent Size,Count (N),Pos 1 - Avg Words,Pos 2 - Avg Words,Pos 3 - Avg Words,Pos 4 - Avg Words,Pos 5 - Avg Words,Pos 6 - Avg Words,Pos 7 - Avg Words,Pos 8 - Avg Words,Pos 9 - Avg Words,Pos 10 - Avg Words,Pos 11 - Avg Words,Pos 12 - Avg Words,Pos 13 - Avg Words,Pos 14 - Avg Words,Pos 15 - Avg Words,Pos 16 - Avg Words,Pos 17 - Avg Words,Pos 18 - Avg Words
1.0,4659,2.8156
2.0,18117,2.4495,2.8086
3.0,21502,2.5654,1.8744,2.8673
4.0,19440,2.5316,1.9808,2.0462,2.9127
5.0,16513,2.489,2.0593,2.0986,2.0621,2.9085
6.0,13830,2.4746,1.9963,2.114,2.1137,2.0291,2.8649
7.0,10878,2.4442,1.9418,2.0843,2.1454,2.0969,2.0023,2.8691
8.0,8225,2.4522,1.9525,2.0641,2.1264,2.1255,2.0751,1.9931,2.8287
9.0,5989,2.4548,1.9534,2.0616,2.0755,2.1257,2.1069,2.0685,1.9998,2.8295
10.0,4082,2.3841,1.9361,2.0404,2.0899,2.0928,2.0924,2.049,2.0556,1.9851,2.7749
11.0,2830,2.3905,1.8894,2.0346,2.042,2.0855,2.0947,2.0548,2.082,2.0378,1.9604,2.7633
12.0,1999,2.3857,1.8389,2.038,2.0635,2.0805,2.0935,2.0255,2.0725,2.0645,2.016,1.977,2.7634
13.0,1327,2.2864,1.9005,2.0083,2.0844,2.0965,2.0641,2.0452,2.0309,2.0595,1.9925,2.009,1.9759,2.7709
14.0,860,2.2849,1.9093,1.986,2.0244,2.1314,2.1035,1.9919,2.057,2.1105,2.0372,2.0035,2.0442,2.0012,2.7453
15.0,571,2.2767,1.9229,1.9877,2.0788,2.1629,2.007,2.021,2.0683,2.0683,2.1051,1.9615,2.0245,2.1068,1.979,2.8214
16.3914,672,2.308,1.9449,1.9479,2.0253,2.0506,2.0149,2.0863,2.1071,1.9568,2.1101,2.0134,2.0759,2.0312,2.0372,1.9226,2.4706
20.1025,517,2.2979,1.8685,1.9381,2.1103,2.0484,2.0135,2.0251,2.0503,1.9536,2.029,2.0909,2.0406,2.1199,2.1412,2.0638,1.9903,2.0368,2.2799
