Weighted Parent Size,Count (N),Pos 1 - Avg Chunks,Pos 2 - Avg Chunks,Pos 3 - Avg Chunks,Pos 4 - Avg Chunks,Pos 5 - Avg Chunks,Pos 6 - Avg Chunks,Pos 7 - Avg Chunks,Pos 8 - Avg Chunks,Pos 9 - Avg Chunks,Pos 10 - Avg Chunks,Pos 11 - Avg Chunks,Pos 12 - Avg Chunks,Pos 13 - Avg Chunks,Pos 14 - Avg Chunks,Pos 15 - Avg Chunks,Pos 16 - Avg Chunks,Pos 17 - Avg Chunks,Pos 18 - Avg Chunks
1.0,4659,1.9682
2.0,18117,1.6339,1.7898
3.0,21502,1.782,1.3505,1.7502
4.0,19440,1.7203,1.4484,1.3614,1.74
5.0,16513,1.6697,1.4598,1.4581,1.37,1.7381
6.0,13830,1.6813,1.4268,1.4486,1.481,1.3556,1.6987
7.0,10878,1.6585,1.4058,1.4279,1.4662,1.48,1.3388,1.6997
8.0,8225,1.6638,1.4286,1.4195,1.4438,1.4608,1.4632,1.3429,1.6674
9.0,5989,1.6771,1.4264,1.4203,1.4191,1.4463,1.4498,1.462,1.3421,1.6697
10.0,4082,1.6156,1.4263,1.4143,1.4326,1.4346,1.425,1.416,1.4601,1.3329,1.6592
11.0,2830,1.611,1.4021,1.4049,1.4085,1.4449,1.4367,1.4102,1.4378,1.4527,1.323,1.6343
12.0,1999,1.6413,1.3722,1.4277,1.4077,1.4332,1.4412,1.3967,1.4187,1.4302,1.4227,1.3297,1.6368
13.0,1327,1.5448,1.3956,1.3919,1.4175,1.4416,1.419,1.4069,1.4024,1.4235,1.3919,1.4537,1.3248,1.6383
14.0,860,1.5767,1.386,1.414,1.3977,1.4767,1.4291,1.3895,1.4233,1.4488,1.407,1.4349,1.4674,1.3326,1.6116
15.0,571,1.5429,1.4151,1.4116,1.4501,1.4588,1.4326,1.3625,1.4553,1.4133,1.4518,1.366,1.4396,1.4851,1.331,1.7058
16.3914,672,1.5595,1.4598,1.3542,1.4003,1.4018,1.4211,1.4226,1.4315,1.3512,1.4524,1.4107,1.4315,1.3899,1.436,1.3363,1.5337
20.1025,517,1.6422,1.4197,1.3675,1.4236,1.4429,1.4294,1.3985,1.3985,1.352,1.4139,1.441,1.412,1.4043,1.4681,1.4139,1.4139,1.4081,1.49
