Weighted Parent Size,Count (N),Pos 1 - Mean h_dist,Pos 2 - Mean h_dist,Pos 3 - Mean h_dist,Pos 4 - Mean h_dist,Pos 5 - Mean h_dist,Pos 6 - Mean h_dist,Pos 7 - Mean h_dist,Pos 8 - Mean h_dist,Pos 9 - Mean h_dist,Pos 10 - Mean h_dist,Pos 11 - Mean h_dist,Pos 12 - Mean h_dist,Pos 13 - Mean h_dist,Pos 14 - Mean h_dist,Pos 15 - Mean h_dist,Pos 16 - Mean h_dist,Pos 17 - Mean h_dist,Pos 18 - Mean h_dist,Pos 19 - Mean h_dist,Pos 20 - Mean h_dist
1.0,8153,1.5277
2.0,24993,1.0526,1.9768
3.0,23692,1.0582,1.475,2.1655
4.0,18491,1.0401,1.6834,2.1811,2.8401
5.0,15443,1.0179,1.7421,2.3131,2.8074,3.4296
6.0,12390,1.0155,1.7017,2.2519,2.762,3.1558,3.7362
7.0,9122,1.0155,1.7078,2.222,2.6843,3.1519,3.5451,4.1078
8.0,6497,0.9874,1.7333,2.2519,2.7398,3.1859,3.6035,4.0012,4.5274
9.0,4402,1.0108,1.758,2.2848,2.788,3.1989,3.5769,3.9678,4.3101,4.8231
10.0,2985,1.0066,1.7389,2.2737,2.7776,3.2029,3.5116,3.8431,4.2268,4.633,5.1482
11.0,2021,0.9802,1.7202,2.2657,2.79,3.2219,3.5678,3.8591,4.2269,4.6131,4.9577,5.4435
12.0,1317,0.9636,1.7409,2.251,2.7521,3.1339,3.4618,3.8201,4.1046,4.4508,4.9353,5.3534,5.7832
13.0,874,0.9529,1.7789,2.2784,2.7922,3.1999,3.5155,3.8848,4.1809,4.4832,4.8778,5.2561,5.6341,6.1202
14.0,581,0.9621,1.8063,2.3605,2.8129,3.1795,3.4488,3.696,4.0112,4.3675,4.6166,4.9572,5.2615,5.6808,6.191
15.0,391,0.9434,1.8311,2.3815,2.8419,3.2142,3.4729,3.706,4.0271,4.25,4.6868,4.9367,5.3237,5.6703,6.1036,6.6003
16.0,219,0.9111,1.8806,2.416,2.8345,3.1938,3.3928,3.7404,3.9708,4.1942,4.7631,4.9339,5.1779,5.4286,5.827,6.144,6.6375
17.0,153,0.9699,1.9359,2.496,2.9293,3.1692,3.4313,3.7452,4.1562,4.3894,4.8118,5.0381,5.1368,5.298,5.7311,6.1361,6.5391,7.0914
18.3419,155,0.9407,1.7297,2.3919,2.9357,3.2832,3.6037,3.9189,4.3177,4.4884,4.6949,5.0233,5.3245,5.6848,5.9611,6.5303,6.7374,7.0966,7.4292
22.1136,132,0.9566,1.8718,2.4918,2.9099,3.1381,3.5496,3.8549,4.0169,4.3669,4.488,4.6769,4.8801,5.1518,5.2883,5.6771,5.7198,6.092,6.6709,6.9134,7.7785
