Weighted Parent Size,Count (N),Pos 1 - Avg Words,Pos 2 - Avg Words,Pos 3 - Avg Words,Pos 4 - Avg Words,Pos 5 - Avg Words,Pos 6 - Avg Words,Pos 7 - Avg Words,Pos 8 - Avg Words,Pos 9 - Avg Words,Pos 10 - Avg Words,Pos 11 - Avg Words,Pos 12 - Avg Words,Pos 13 - Avg Words,Pos 14 - Avg Words,Pos 15 - Avg Words,Pos 16 - Avg Words,Pos 17 - Avg Words
1.0,8153,5.0048
2.0,24993,3.1414,4.0709
3.0,23692,3.1153,1.8474,3.7607
4.0,18491,2.9352,2.1739,2.0707,3.5415
5.0,15443,2.838,2.2037,2.2935,2.0446,3.4495
6.0,12390,2.8044,2.0555,2.294,2.2404,1.9738,3.3137
7.0,9122,2.7358,1.994,2.2047,2.249,2.1989,1.8804,3.1642
8.0,6497,2.6548,2.0416,2.1642,2.1805,2.1858,2.127,1.9144,3.1104
9.0,4402,2.6517,1.9945,2.1856,2.1549,2.1322,2.1511,2.1052,1.901,3.0279
10.0,2985,2.6171,1.9357,2.1045,2.0821,2.1112,2.1156,2.0657,2.0385,1.8566,3.0456
11.0,2021,2.5314,1.9456,2.0925,2.1252,2.1089,2.0752,2.0688,2.099,2.0485,1.8595,2.9792
12.0,1317,2.4632,1.8671,2.022,2.1374,2.0972,2.0638,2.0448,2.0296,2.0463,1.9894,1.8671,2.9658
13.0,874,2.4508,1.9096,2.032,2.2185,2.151,2.0412,2.0446,2.0675,2.016,2.0103,2.135,1.8352,2.865
14.0,581,2.4251,1.8933,2.0998,2.1205,2.0895,2.0826,2.074,2.0172,2.0981,2.0258,1.9897,2.0448,1.8847,2.9191
15.359,610,2.3525,1.9148,2.0426,2.1197,2.0557,2.0115,2.0082,2.1311,1.982,2.1082,2.0393,2.0869,2.0361,1.9066,2.5139
19.0068,440,2.3932,1.8591,2.0386,2.0705,1.9114,1.8886,2.0068,2.0045,2.0227,1.9818,2.1227,2.0477,2.0273,2.0568,2.0023,1.8932,2.2804
