Weighted Parent Size,Count (N),Pos 1 - Avg Subphrases,Pos 2 - Avg Subphrases,Pos 3 - Avg Subphrases,Pos 4 - Avg Subphrases,Pos 5 - Avg Subphrases,Pos 6 - Avg Subphrases,Pos 7 - Avg Subphrases,Pos 8 - Avg Subphrases,Pos 9 - Avg Subphrases,Pos 10 - Avg Subphrases,Pos 11 - Avg Subphrases,Pos 12 - Avg Subphrases,Pos 13 - Avg Subphrases,Pos 14 - Avg Subphrases,Pos 15 - Avg Subphrases,Pos 16 - Avg Subphrases,Pos 17 - Avg Subphrases
1.0,8153,1.6942
2.0,24993,1.1973,1.3883
3.0,23692,1.1966,1.0491,1.3403
4.0,18491,1.1836,1.0742,1.0539,1.2991
5.0,15443,1.156,1.082,1.0785,1.0528,1.2768
6.0,12390,1.1484,1.0642,1.0867,1.0701,1.0464,1.2455
7.0,9122,1.1351,1.0559,1.0713,1.0836,1.0669,1.0353,1.2241
8.0,6497,1.1199,1.0569,1.067,1.0705,1.0714,1.0542,1.0405,1.2173
9.0,4402,1.1159,1.0595,1.0672,1.0638,1.0613,1.0652,1.0516,1.0393,1.194
10.0,2985,1.1236,1.0482,1.062,1.0539,1.0566,1.061,1.058,1.0372,1.0291,1.199
11.0,2021,1.1039,1.0505,1.0658,1.0658,1.0569,1.0534,1.05,1.0564,1.05,1.0292,1.2068
12.0,1317,1.0881,1.0326,1.0486,1.0683,1.06,1.0524,1.0532,1.0425,1.0478,1.0364,1.0334,1.1891
13.0,874,1.0984,1.0389,1.0412,1.0698,1.0549,1.0378,1.0503,1.0503,1.0469,1.0606,1.0538,1.0252,1.167
14.0,581,1.1015,1.0361,1.0602,1.0602,1.0585,1.0688,1.0637,1.0482,1.0585,1.0568,1.0482,1.0379,1.0327,1.1842
15.359,610,1.1033,1.0361,1.0574,1.0525,1.059,1.0525,1.0443,1.0721,1.0475,1.0574,1.0525,1.0557,1.041,1.0262,1.1327
19.0068,440,1.0682,1.0318,1.0659,1.0477,1.0273,1.0318,1.0545,1.05,1.0614,1.0386,1.0477,1.0568,1.0477,1.0477,1.0273,1.0364,1.0794
