Total Words in Parent (x),Count (N),Pos 1 Entropy (bits),Pos 2 Entropy (bits),Pos 3 Entropy (bits),Pos 4 Entropy (bits),Pos 5 Entropy (bits),Pos 6 Entropy (bits),Pos 7 Entropy (bits),Pos 8 Entropy (bits),Pos 9 Entropy (bits),Pos 10 Entropy (bits),Pos 11 Entropy (bits),Pos 12 Entropy (bits),Pos 13 Entropy (bits)
1,177174,2.9077
2,243196,3.0261,2.6565
3,77851,3.0116,2.7728,2.4749
4,43376,3.0832,2.8409,2.6022,2.4584
5,25668,3.1703,2.9038,2.798,2.5378,2.4269
6,15876,3.1944,2.8901,2.7773,2.746,2.4792,2.3643
7,10456,3.2002,2.8972,2.7395,2.7611,2.6822,2.4312,2.3351
8,6810,3.2289,2.8956,2.7559,2.7121,2.7081,2.6793,2.4069,2.2974
9,7610,3.2227,2.8737,2.6976,2.6856,2.6768,2.6578,2.6623,2.5191,2.4738
11,3714,3.2173,2.7933,2.7105,2.7211,2.6571,2.6423,2.6357,2.6383,2.6212,2.4937,2.3823
13,3564,3.2179,2.8203,2.7413,2.6302,2.5945,2.6006,2.6254,2.602,2.6355,2.6104,2.6235,2.5228,2.5322
