Total Units in Parent (x),Count (N),Pos 1 Entropy (bits),Pos 2 Entropy (bits),Pos 3 Entropy (bits),Pos 4 Entropy (bits),Pos 5 Entropy (bits),Pos 6 Entropy (bits),Pos 7 Entropy (bits),Pos 8 Entropy (bits),Pos 9 Entropy (bits),Pos 10 Entropy (bits),Pos 11 Entropy (bits),Pos 12 Entropy (bits)
1,8153,9.2842
2,24993,6.9729,9.545
3,23692,7.156,5.6681,9.111
4,18491,7.0984,6.2831,6.0877,8.7543
5,15443,6.8616,6.4819,6.321,5.9541,8.555
6,12390,6.7597,6.1551,6.5954,6.0222,5.7945,8.2584
7,9122,6.6178,5.9534,6.3544,6.36,5.8695,5.5353,7.9518
8,6497,6.4837,5.9951,6.1749,6.2097,6.152,5.7035,5.5242,7.7258
9,4402,6.434,5.8269,6.1698,6.0584,6.0376,6.0499,5.5729,5.3961,7.5191
10,5006,6.3331,5.7411,6.083,5.9385,5.9723,5.9096,5.9054,5.706,5.5102,7.1688
12,3822,6.0443,5.6153,5.8863,6.0447,5.9172,5.7894,5.7916,5.851,5.746,5.576,5.6452,6.5354
