Weighted Parent Size,Count (N),Pos 1 - Mean h_dist,Pos 2 - Mean h_dist,Pos 3 - Mean h_dist,Pos 4 - Mean h_dist,Pos 5 - Mean h_dist,Pos 6 - Mean h_dist,Pos 7 - Mean h_dist,Pos 8 - Mean h_dist,Pos 9 - Mean h_dist,Pos 10 - Mean h_dist,Pos 11 - Mean h_dist,Pos 12 - Mean h_dist,Pos 13 - Mean h_dist,Pos 14 - Mean h_dist,Pos 15 - Mean h_dist,Pos 16 - Mean h_dist
1.0,20090,1.1113
2.0,34167,1.5531,2.5022
3.0,44531,1.9321,2.3045,2.5856
4.0,49443,2.0375,2.5215,2.3838,2.8838
5.0,38014,2.0002,2.5544,2.4518,2.6652,3.238
6.0,24643,1.9391,2.5512,2.4872,2.6734,3.0216,3.6253
7.0,14949,1.8535,2.5278,2.5223,2.6846,2.9541,3.3598,3.9944
8.0,9019,1.7961,2.507,2.5623,2.7257,2.9568,3.3027,3.7441,4.3701
9.0,5299,1.7108,2.4598,2.5657,2.7678,3.0021,3.2864,3.6304,4.1013,4.7181
10.0,3069,1.6792,2.5115,2.6715,2.8886,3.0783,3.3368,3.6079,3.9826,4.4141,4.9737
11.0,1839,1.6335,2.4376,2.5852,2.807,3.0544,3.3435,3.5837,3.8593,4.1655,4.6905,5.3026
12.0,996,1.592,2.4944,2.7783,3.0132,3.2831,3.4369,3.7426,3.9007,4.1632,4.44,4.9181,5.518
13.0,685,1.6349,2.4217,2.7343,3.1501,3.3815,3.494,3.6504,3.8045,4.2079,4.3834,4.6444,5.0116,5.6321
14.3449,548,1.5155,2.3951,2.7415,3.0918,3.3682,3.5491,3.7197,3.8915,4.1807,4.5306,4.7518,5.1642,5.5018,6.1976
17.5987,299,1.4447,2.3394,2.7736,3.0301,3.0948,3.4891,3.7602,3.791,4.1069,4.1725,4.1916,4.681,4.9744,5.2273,5.4576,6.3106
