Weighted Avg Units (x),Count (N),Pos 1 Relative Entropy,Pos 2 Relative Entropy,Pos 3 Relative Entropy,Pos 4 Relative Entropy,Pos 5 Relative Entropy,Pos 6 Relative Entropy,Pos 7 Relative Entropy,Pos 8 Relative Entropy,Pos 9 Relative Entropy,Pos 10 Relative Entropy,Pos 11 Relative Entropy,Pos 12 Relative Entropy,Pos 13 Relative Entropy,Pos 14 Relative Entropy,Pos 15 Relative Entropy,Pos 16 Relative Entropy,Pos 17 Relative Entropy,Pos 18 Relative Entropy,Pos 19 Relative Entropy
1.75,8739,0.5777,0.6897
3.0,10255,0.6794,0.5938,0.6178
4.0,13203,0.6696,0.5772,0.5556,0.6266
5.0,13429,0.6675,0.5843,0.5711,0.5966,0.6205
6.0,12723,0.6635,0.6028,0.5751,0.595,0.603,0.6309
7.0,11633,0.6599,0.6012,0.5843,0.6033,0.6107,0.6078,0.6301
8.0,10572,0.6723,0.6039,0.585,0.6055,0.6225,0.6159,0.6033,0.6274
9.0,9641,0.6662,0.6108,0.5858,0.6092,0.6225,0.6289,0.623,0.5951,0.6263
10.0,8064,0.6689,0.6143,0.5975,0.6197,0.6362,0.6313,0.6298,0.6155,0.604,0.634
11.0,7012,0.6789,0.6263,0.5896,0.6151,0.6369,0.6415,0.637,0.631,0.625,0.6034,0.6371
12.0,5559,0.6833,0.627,0.6121,0.6321,0.6432,0.6462,0.6414,0.6452,0.6426,0.6326,0.615,0.6539
13.0,4544,0.6865,0.6343,0.6221,0.6442,0.6571,0.6632,0.6576,0.6451,0.647,0.643,0.6426,0.6169,0.6541
14.44,6614,0.6699,0.6185,0.5996,0.6292,0.6307,0.638,0.6383,0.636,0.6352,0.6319,0.629,0.6227,0.6032,0.6207
16.83,5484,0.6805,0.6257,0.6106,0.6263,0.6376,0.6509,0.6488,0.6421,0.6382,0.6441,0.6452,0.6365,0.6391,0.6316,0.6274,0.6154
22.17,4539,0.6798,0.6337,0.6205,0.6348,0.6567,0.6533,0.6535,0.6548,0.6389,0.6501,0.6536,0.6481,0.6464,0.649,0.6493,0.6489,0.6386,0.6419,0.5859
