Weighted Parent Size,Count (N),Pos 1 - Normalized Unique Sequences,Pos 2 - Normalized Unique Sequences,Pos 3 - Normalized Unique Sequences,Pos 4 - Normalized Unique Sequences,Pos 5 - Normalized Unique Sequences,Pos 6 - Normalized Unique Sequences,Pos 7 - Normalized Unique Sequences,Pos 8 - Normalized Unique Sequences,Pos 9 - Normalized Unique Sequences,Pos 10 - Normalized Unique Sequences,Pos 11 - Normalized Unique Sequences
1.0,20090,0.1246
2.0,34167,0.2034,0.5089
3.0,44531,0.2568,0.3842,0.5107
4.0,49443,0.2558,0.3683,0.3439,0.492
5.0,38014,0.223,0.313,0.3149,0.3542,0.4311
6.0,24643,0.2052,0.2746,0.2521,0.2943,0.3027,0.3374
7.0,14949,0.1724,0.2371,0.2165,0.2418,0.2511,0.2399,0.2493
8.0,9019,0.1434,0.193,0.1762,0.1884,0.2071,0.1968,0.1912,0.2043
9.3668,8368,0.1462,0.1818,0.1734,0.179,0.2052,0.1874,0.2024,0.194,0.2277
12.4133,4367,0.12,0.1406,0.1349,0.1378,0.1462,0.1462,0.1621,0.1509,0.1537,0.1415,0.2174
