Weighted Avg Units (x),Count (N),Pos 1 Relative Entropy,Pos 2 Relative Entropy,Pos 3 Relative Entropy,Pos 4 Relative Entropy,Pos 5 Relative Entropy,Pos 6 Relative Entropy,Pos 7 Relative Entropy,Pos 8 Relative Entropy,Pos 9 Relative Entropy,Pos 10 Relative Entropy,Pos 11 Relative Entropy
1.0,20090,0.6711
2.0,34167,0.6267,0.6062
3.0,44531,0.6365,0.5341,0.5511
4.0,49443,0.5876,0.5239,0.5101,0.5547
5.0,38014,0.5761,0.5411,0.5295,0.5255,0.5681
6.0,24643,0.573,0.5571,0.5559,0.5554,0.5492,0.586
7.0,14949,0.5846,0.5803,0.575,0.5787,0.5777,0.5615,0.5986
8.0,9019,0.6088,0.6043,0.5983,0.6064,0.6063,0.6028,0.5807,0.6067
9.37,8368,0.6029,0.6163,0.6058,0.6108,0.61,0.6164,0.5976,0.5751,0.5937
12.41,4367,0.6212,0.6433,0.6267,0.64,0.6343,0.639,0.6352,0.6336,0.622,0.6133,0.595
