Weighted Parent Size (Words),Count (N),Pos 1 - Avg Syllables,Pos 2 - Avg Syllables,Pos 3 - Avg Syllables,Pos 4 - Avg Syllables,Pos 5 - Avg Syllables,Pos 6 - Avg Syllables,Pos 7 - Avg Syllables,Pos 8 - Avg Syllables,Pos 9 - Avg Syllables,Pos 10 - Avg Syllables,Pos 11 - Avg Syllables,Pos 12 - Avg Syllables,Pos 13 - Avg Syllables
1.0,177174,1.9255
2.0,243196,1.7348,2.3365
3.0,77851,1.8468,2.2793,2.5796
4.0,43376,1.8585,2.2014,2.4239,2.6759
5.0,25668,1.9807,2.2092,2.2313,2.4509,2.7309
6.0,15876,2.0423,2.286,2.2853,2.2171,2.5075,2.7722
7.0,10456,2.0778,2.2822,2.3356,2.2835,2.2268,2.5331,2.7809
8.0,6810,2.0978,2.2819,2.3561,2.3869,2.3117,2.211,2.5482,2.7916
9.4085,7610,2.1079,2.2979,2.382,2.4198,2.3569,2.3091,2.2861,2.4625,2.723
11.4122,3714,2.1742,2.357,2.3826,2.4383,2.3953,2.416,2.367,2.3005,2.3134,2.468,2.8063
15.4024,3564,2.1585,2.3642,2.4439,2.4952,2.502,2.436,2.4169,2.3836,2.392,2.4049,2.3272,2.4705,2.5999
