Weighted Parent Size,Count (N),Pos 1 - Avg Words,Pos 2 - Avg Words,Pos 3 - Avg Words,Pos 4 - Avg Words,Pos 5 - Avg Words,Pos 6 - Avg Words,Pos 7 - Avg Words,Pos 8 - Avg Words,Pos 9 - Avg Words,Pos 10 - Avg Words,Pos 11 - Avg Words,Pos 12 - Avg Words,Pos 13 - Avg Words,Pos 14 - Avg Words,Pos 15 - Avg Words,Pos 16 - Avg Words,Pos 17 - Avg Words,Pos 18 - Avg Words,Pos 19 - Avg Words,Pos 20 - Avg Words,Pos 21 - Avg Words,Pos 22 - Avg Words,Pos 23 - Avg Words,Pos 24 - Avg Words,Pos 25 - Avg Words,Pos 26 - Avg Words,Pos 27 - Avg Words,Pos 28 - Avg Words
1.0,2187,1.8102
2.0,6552,1.8219,1.8091
3.0,10255,1.7112,1.3924,1.6765
4.0,13203,1.6049,1.3791,1.3676,1.7373
5.0,13429,1.5682,1.4006,1.3749,1.4346,1.7974
6.0,12723,1.5617,1.4454,1.3739,1.4245,1.4633,1.8206
7.0,11633,1.5506,1.4296,1.3832,1.4276,1.4643,1.4537,1.829
8.0,10572,1.5427,1.4246,1.3779,1.4344,1.4545,1.4738,1.4473,1.822
9.0,9641,1.5379,1.4234,1.3673,1.4336,1.4529,1.4484,1.4541,1.4317,1.8152
10.0,8064,1.5262,1.4241,1.3723,1.4377,1.458,1.4649,1.4361,1.4365,1.4415,1.8178
11.0,7012,1.5298,1.43,1.3591,1.4124,1.4608,1.4599,1.4638,1.4445,1.4528,1.4454,1.8193
12.0,5559,1.5166,1.4269,1.3501,1.4056,1.4476,1.4546,1.4668,1.4485,1.4357,1.4375,1.4256,1.8277
13.0,4544,1.5106,1.4056,1.357,1.419,1.4421,1.4514,1.4575,1.4478,1.4536,1.4509,1.4382,1.4439,1.8041
14.0,3691,1.5161,1.4134,1.3411,1.4137,1.4497,1.4468,1.4595,1.4465,1.4319,1.4394,1.4354,1.4438,1.4251,1.7906
15.0,2923,1.495,1.4054,1.349,1.3951,1.4649,1.4331,1.4543,1.4454,1.4348,1.4571,1.4369,1.4393,1.4341,1.4283,1.8023
16.0,2347,1.496,1.4171,1.3553,1.3852,1.4282,1.4367,1.4491,1.4278,1.4487,1.4354,1.4525,1.4269,1.4389,1.4423,1.4201,1.7874
17.0,1748,1.492,1.4153,1.3535,1.4027,1.4394,1.4565,1.4228,1.4405,1.4291,1.4348,1.4422,1.4359,1.4577,1.4193,1.4405,1.4497,1.8021
18.0,1389,1.4528,1.4154,1.3477,1.4068,1.4312,1.4413,1.4399,1.4435,1.4514,1.4255,1.4248,1.4521,1.4708,1.4514,1.4384,1.4363,1.4255,1.8243
19.0,1164,1.4888,1.3943,1.3522,1.3969,1.439,1.4381,1.4742,1.4424,1.4768,1.4158,1.4562,1.4158,1.4502,1.4648,1.4381,1.4639,1.4519,1.4201,1.8308
20.0,807,1.5006,1.4213,1.373,1.3891,1.4064,1.4548,1.4052,1.4188,1.4387,1.4213,1.4486,1.4374,1.4287,1.4349,1.4275,1.4287,1.4275,1.4498,1.4188,1.8439
21.0,614,1.4528,1.3762,1.3404,1.4202,1.4691,1.4316,1.4642,1.4267,1.4267,1.4837,1.4446,1.4397,1.43,1.4593,1.4202,1.487,1.4544,1.4511,1.3779,1.4381,1.7606
22.0,443,1.4673,1.4041,1.3657,1.3905,1.4266,1.4628,1.4312,1.3973,1.4289,1.474,1.4695,1.4221,1.4447,1.4221,1.4289,1.4199,1.4086,1.4831,1.4018,1.4424,1.4718,1.8172
23.4006,634,1.4858,1.3691,1.3423,1.388,1.4732,1.4148,1.4448,1.4117,1.4685,1.418,1.4306,1.4306,1.4369,1.4416,1.4322,1.4274,1.4464,1.4274,1.4432,1.4322,1.4416,1.4385,1.6745
25.8214,476,1.5252,1.3908,1.3445,1.4223,1.4538,1.4811,1.4559,1.4223,1.4706,1.5,1.4496,1.4454,1.3971,1.4664,1.4286,1.458,1.4622,1.4244,1.4895,1.4202,1.4643,1.4559,1.4559,1.4706,1.6424
31.4489,401,1.4339,1.414,1.3766,1.384,1.3741,1.5212,1.4115,1.4539,1.4464,1.4464,1.4589,1.4713,1.4439,1.4663,1.4589,1.4688,1.4838,1.4564,1.5012,1.4464,1.4439,1.4339,1.4464,1.414,1.4314,1.4439,1.4214,1.5213
