Weighted Parent Size,Count (N),Pos 1 - Avg Words,Pos 2 - Avg Words,Pos 3 - Avg Words,Pos 4 - Avg Words,Pos 5 - Avg Words,Pos 6 - Avg Words,Pos 7 - Avg Words,Pos 8 - Avg Words,Pos 9 - Avg Words,Pos 10 - Avg Words,Pos 11 - Avg Words,Pos 12 - Avg Words,Pos 13 - Avg Words,Pos 14 - Avg Words,Pos 15 - Avg Words
1.0,20090,1.78
2.0,34167,1.8657,1.7335
3.0,44531,1.6391,1.3243,1.5917
4.0,49443,1.4618,1.3057,1.2752,1.6339
5.0,38014,1.4021,1.3252,1.296,1.3461,1.763
6.0,24643,1.3797,1.358,1.3211,1.366,1.4216,1.8531
7.0,14949,1.373,1.3909,1.3517,1.38,1.4263,1.4553,1.9155
8.0,9019,1.3733,1.4138,1.3691,1.3975,1.4434,1.4897,1.4855,1.9459
9.0,5299,1.3918,1.4333,1.3848,1.4131,1.4627,1.4927,1.5046,1.4997,1.9813
10.0,3069,1.3695,1.4581,1.419,1.4239,1.4754,1.5191,1.5047,1.5178,1.5109,1.9413
11.0,1839,1.3861,1.4633,1.4062,1.4138,1.4502,1.5052,1.54,1.5503,1.5394,1.5101,1.9831
12.0,996,1.3624,1.4669,1.4177,1.4287,1.509,1.4779,1.5572,1.5211,1.5392,1.504,1.5331,2.0141
13.3439,1044,1.432,1.4914,1.4377,1.4425,1.501,1.4828,1.5326,1.4923,1.5709,1.5891,1.5699,1.5498,1.8746
16.5922,488,1.3709,1.5389,1.4672,1.4795,1.459,1.5061,1.5697,1.5533,1.5943,1.5574,1.5615,1.666,1.5738,1.6025,1.7731
