Weighted Avg Units (x),Count (N),Pos 1 Relative Entropy,Pos 2 Relative Entropy,Pos 3 Relative Entropy,Pos 4 Relative Entropy,Pos 5 Relative Entropy,Pos 6 Relative Entropy,Pos 7 Relative Entropy,Pos 8 Relative Entropy,Pos 9 Relative Entropy,Pos 10 Relative Entropy,Pos 11 Relative Entropy,Pos 12 Relative Entropy,Pos 13 Relative Entropy
1.0,4659,0.7002
2.0,18117,0.6019,0.6979
3.0,21502,0.6317,0.5905,0.6937
4.0,19440,0.6528,0.6052,0.6234,0.7017
5.0,16513,0.6569,0.6238,0.6245,0.6274,0.7051
6.0,13830,0.6608,0.624,0.64,0.6218,0.6304,0.7058
7.0,10878,0.6759,0.6324,0.651,0.648,0.6299,0.639,0.7174
8.0,8225,0.6854,0.6437,0.6624,0.6658,0.6561,0.6439,0.6488,0.7225
9.0,5989,0.7041,0.6611,0.6785,0.677,0.6754,0.6715,0.6521,0.6702,0.7373
10.0,4082,0.7195,0.6772,0.693,0.6938,0.6983,0.6904,0.6781,0.6736,0.6816,0.7513
11.41,4829,0.7125,0.6664,0.683,0.6859,0.6832,0.6777,0.6731,0.6805,0.6638,0.6717,0.7136
15.01,3947,0.7126,0.675,0.6916,0.6994,0.697,0.6896,0.6884,0.6864,0.6849,0.6815,0.674,0.6829,0.6605
