Weighted Parent Size,Count (N),Pos 1 - Mean h_dist,Pos 2 - Mean h_dist,Pos 3 - Mean h_dist,Pos 4 - Mean h_dist,Pos 5 - Mean h_dist,Pos 6 - Mean h_dist,Pos 7 - Mean h_dist,Pos 8 - Mean h_dist,Pos 9 - Mean h_dist,Pos 10 - Mean h_dist,Pos 11 - Mean h_dist,Pos 12 - Mean h_dist,Pos 13 - Mean h_dist,Pos 14 - Mean h_dist,Pos 15 - Mean h_dist,Pos 16 - Mean h_dist,Pos 17 - Mean h_dist,Pos 18 - Mean h_dist,Pos 19 - Mean h_dist,Pos 20 - Mean h_dist,Pos 21 - Mean h_dist
1.0,4659,0.9078
2.0,18117,0.8524,1.6075
3.0,21502,0.9515,1.3726,2.0693
4.0,19440,0.9767,1.5407,1.9689,2.6928
5.0,16513,0.9713,1.6694,2.1209,2.5875,3.2739
6.0,13830,0.9737,1.66,2.1472,2.619,3.0548,3.718
7.0,10878,0.9808,1.653,2.1338,2.6193,3.0596,3.4814,4.1288
8.0,8225,0.9939,1.6974,2.1738,2.6561,3.0955,3.5069,3.9024,4.5247
9.0,5989,1.0004,1.7471,2.2389,2.6998,3.1424,3.5255,3.8895,4.2739,4.9154
10.0,4082,0.9937,1.7273,2.2149,2.7192,3.1346,3.4874,3.8212,4.2166,4.6372,5.2437
11.0,2830,0.9931,1.699,2.225,2.6779,3.1535,3.52,3.8721,4.2116,4.5881,4.9719,5.5582
12.0,1999,0.9926,1.7145,2.2394,2.7405,3.2145,3.5464,3.8449,4.1815,4.4866,4.9272,5.3735,5.9228
13.0,1327,0.952,1.7784,2.2716,2.758,3.2011,3.5358,3.8591,4.1604,4.465,4.8646,5.2557,5.6685,6.2484
14.0,860,0.9757,1.8011,2.315,2.7421,3.2217,3.5653,3.8673,4.1845,4.4487,4.7976,5.1217,5.5472,5.9507,6.5433
15.0,571,0.972,1.8184,2.2981,2.8566,3.2849,3.5109,3.7832,4.085,4.3882,4.6858,5.0064,5.3836,5.8244,6.2149,6.8725
16.0,409,0.9968,1.8788,2.4056,2.8692,3.1858,3.5523,3.8907,4.0826,4.3758,4.7931,4.9303,5.3033,5.4181,5.8147,6.1632,6.7756
17.0,263,1.0045,1.8464,2.384,2.7707,3.2348,3.6285,3.9194,4.324,4.4974,4.7994,5.0662,5.3088,5.6101,5.8867,6.2689,6.7264,7.2409
18.0,173,0.9488,1.8099,2.3611,2.9604,3.3586,3.6834,3.8982,4.4833,4.4531,4.7054,5.0061,4.9338,5.4644,5.5644,5.957,6.3138,6.7655,7.5689
19.3736,182,1.0268,1.9531,2.5661,3.0352,3.3392,3.5948,4.0111,4.3467,4.2493,4.6402,4.8596,5.1557,5.6622,6.1726,6.4125,6.712,7.1331,7.4339,7.8791
23.1667,162,0.9588,1.7135,2.3783,2.9388,3.3607,3.8438,3.9792,4.077,4.3526,4.4983,4.8474,5.2295,5.4318,5.4176,5.8438,6.13,6.1871,6.5371,6.8749,7.4452,8.3801
