Weighted Parent Size,Count (N),Pos 1 - Mean h_dist,Pos 2 - Mean h_dist,Pos 3 - Mean h_dist,Pos 4 - Mean h_dist,Pos 5 - Mean h_dist,Pos 6 - Mean h_dist,Pos 7 - Mean h_dist,Pos 8 - Mean h_dist,Pos 9 - Mean h_dist
1.0,30654,1.3469
2.0,79393,1.8343,2.8023
3.0,74791,1.9099,2.6381,3.1792
4.0,39584,1.8403,2.5524,2.7409,3.4142
5.0,15400,1.7582,2.5288,2.6395,2.9725,3.7928
6.0,5165,1.693,2.5076,2.6428,2.902,3.3675,4.254
7.0,1727,1.5861,2.4514,2.6281,2.8617,3.3006,3.7996,4.761
8.0,561,1.5958,2.5599,2.748,3.0598,3.3214,3.6267,4.198,5.1711
9.6108,316,1.5242,2.6001,2.9798,3.2695,3.4308,3.6404,4.1037,4.534,5.8177
